{"cameraMode":{"drawMode":0,"name":"Shaded","section":"Shading Mode"},"sceneLighting":false,"audioPlay":false,"sceneViewState":{"m_AlwaysRefresh":false,"showFog":true,"showSkybox":false,"showFlares":true,"showImageEffects":true,"showParticleSystems":true,"showVisualEffectGraphs":true,"m_FxEnabled":true},"in2DMode":false,"pivot":{"x":-1.218963623046875,"y":-0.15999984741210938,"z":11.140172958374024},"rotation":{"x":0.38214176893234255,"y":0.41242170333862307,"z":-0.19618204236030579,"w":0.8033655881881714},"size":12.12435531616211,"orthographic":true}